{"schemaVersion":"1.0","appDefinitionTemplate":{"id":"/providers/Microsoft.PowerApps/apps/","type":"Microsoft.PowerApps/apps","tags":{"primaryDeviceWidth":"1474","primaryDeviceHeight":"788","supportsPortrait":"true","supportsLandscape":"true","primaryFormFactor":"Tablet","publisherVersion":"3.23072.22","minimumRequiredApiVersion":"2.2.0","hasComponent":"true","hasUnlockedComponent":"true","isUnifiedRootApp":"false","sienaVersion":"20230725T121631Z-3.23072.22.0"},"properties":{"appVersion":"2023-07-25T12:16:31Z","lifeCycleId":"Published","createdByClientVersion":{"major":3,"minor":23072,"build":22,"revision":0,"majorRevision":0,"minorRevision":0},"minClientVersion":{"major":3,"minor":23072,"build":22,"revision":0,"majorRevision":0,"minorRevision":0},"backgroundColor":"RGBA(0,176,240,1)","backgroundImageUri":"/14831607435157092061/N2ea5fcff-80be-4e8b-98b2-2de158fe4edb-logoSmallFile","displayName":"Smart Home Dashboard","description":"","commitMessage":"","appUris":{"documentUri":{"value":"/14831607435157092061/N60760e6c-5fce-4c19-9445-a728f73b40a6-document.msapp"},"imageUris":[],"additionalUris":[]},"createdTime":"0001-01-01T00:00:00Z","lastModifiedTime":"0001-01-01T00:00:00Z","sharedGroupsCount":0,"sharedUsersCount":0,"connectionReferences":{"7d2f0df8-e8a0-4068-b414-6e2c7cc3feef":{"id":"27c533eb-6ef9-4504-92d3-153276769f05","displayName":"OpenWeather","iconUri":"https://az787822.vo.msecnd.net/defaulticons/api-dedicated.png","dataSources":["OpenWeather"],"dependencies":[],"dependents":[],"parameterHints":{},"parameterHintsV2":{},"isOnPremiseConnection":false,"bypassConsent":false,"dataSets":{},"apiTier":"Standard","isCustomApiConnection":true,"actions":["GetWeather"],"isCustomApiSolutionAware":false},"380e66b3-263b-49c0-a7f1-9d1352cbb681":{"id":"e474d6f9-ca78-45db-8fa5-1f223b9f4ad2","displayName":"Govee Smart Home","iconUri":"https://az787822.vo.msecnd.net/defaulticons/api-dedicated.png","dataSources":["GoveeNew"],"dependencies":[],"dependents":[],"parameterHints":{},"parameterHintsV2":{},"isOnPremiseConnection":false,"bypassConsent":false,"dataSets":{},"apiTier":"Standard","isCustomApiConnection":true,"isCustomApiSolutionAware":false},"aa0dcf0d-c8be-40e0-a8e8-7b44416a0026":{"id":"99a8f3bf-702c-4841-b743-0ed0b0ffcaca","displayName":"Logic flows","iconUri":"https://connectoricons-prod.azureedge.net/releases/v1.0.1645/1.0.1645.3345/logicflows/icon.png","dataSources":["govee"],"dependencies":[],"dependents":[],"parameterHints":{"workflowName":{"value":"1a03047b-42c6-46a9-973a-e4086908d78d"},"workflowEntityId":{"value":"ccd16232-ae29-ee11-9965-6045bdc1e931"}},"parameterHintsV2":{"workflowName":{"value":"1a03047b-42c6-46a9-973a-e4086908d78d"},"workflowEntityId":{"value":"ccd16232-ae29-ee11-9965-6045bdc1e931"}},"isOnPremiseConnection":false,"bypassConsent":false,"dataSets":{},"apiTier":"Standard","isCustomApiConnection":false,"actions":["Run"],"isCustomApiSolutionAware":false},"1c1a9e17-d102-4699-aa19-ccdd7e2e9b35":{"id":"80f463f2-949a-4956-a9c8-2cfc75e2853f","displayName":"AccuWeather (Independent Publisher)","iconUri":"https://connectoricons-prod.azureedge.net/releases/v1.0.1584/1.0.1584.2880/accuweatherip/icon.png","dataSources":["AccuWeather(IndependentPublisher)"],"dependencies":[],"dependents":[],"parameterHints":{},"parameterHintsV2":{},"isOnPremiseConnection":false,"bypassConsent":false,"dataSets":{},"apiTier":"Premium","isCustomApiConnection":false,"isCustomApiSolutionAware":false},"867b7e31-f613-4993-99c8-9aecb3a160d7":{"id":"8b78f7b3-a36d-4fdd-bdb6-bb022b2649f6","displayName":"Weather Forecast (Independent Publisher)","iconUri":"https://connectoricons-prod.azureedge.net/releases/v1.0.1563/1.0.1563.2732/weatherforecastip/icon.png","dataSources":["WeatherForecast(IndependentPublisher)"],"dependencies":[],"dependents":[],"parameterHints":{},"parameterHintsV2":{},"isOnPremiseConnection":false,"bypassConsent":false,"dataSets":{},"apiTier":"Premium","isCustomApiConnection":false,"isCustomApiSolutionAware":false},"a72fe664-29c0-46b1-a118-a25652bae517":{"id":"15c64b94-c057-49f7-8402-d4dcefcb61c0","displayName":"MSN Weather","iconUri":"https://connectoricons-prod.azureedge.net/releases/v1.0.1646/1.0.1646.3354/msnweather/icon.png","dataSources":["MSNWeather"],"dependencies":[],"dependents":[],"parameterHints":{},"parameterHintsV2":{},"isOnPremiseConnection":false,"bypassConsent":false,"dataSets":{},"apiTier":"Standard","isCustomApiConnection":false,"isCustomApiSolutionAware":false}},"databaseReferences":{},"almMode":"Solution","performanceOptimizationEnabled":true,"canConsumeAppPass":true,"enableModernRuntimeMode":false,"executionRestrictions":{"isTeamsOnly":false,"dataLossPreventionEvaluationResult":{"status":"Compliant","lastEvaluationDate":"2023-07-24T00:11:51.1329998Z","violations":[],"violationsByPolicy":[],"violationErrorMessage":"The app uses the following connectors: shared_openweather-5f24dbea1898bb9f04-5f6aa83c93401bba4a, shared_govee-20smart-20home-5f24dbea1898bb9f04-5f6aa83c93401bba4a, shared_logicflows."},"httpActionRestriction":{"appUsesSharepointHttpAction":false,"enforcementStrategy":"Legacy","evaluationTime":"2023-07-24T00:11:51.1329481Z"}}},"appType":"ClassicCanvasApp","appComponents":[]}}