{"name":"c896a3ab-4d01-4ede-8770-5bcbf7c350a6","id":"/providers/Microsoft.Flow/flows/c896a3ab-4d01-4ede-8770-5bcbf7c350a6","type":"Microsoft.Flow/flows","properties":{"apiId":"/providers/Microsoft.PowerApps/apis/shared_logicflows","displayName":"govee","definition":{"metadata":{"workflowEntityId":"ccd16232-ae29-ee11-9965-6045bdc1e931","processAdvisorMetadata":null,"flowChargedByPaygo":null,"flowclientsuspensionreason":"None","flowclientsuspensiontime":null,"flowclientsuspensionreasondetails":null,"creator":{"id":"e694f783-4e6f-4b70-a9b8-bf39ddad8308","type":"User","tenantId":"0b4d4408-b803-4c9d-8db8-986a8d45f424"},"provisioningMethod":"FromDefinition","failureAlertSubscription":true,"clientLastModifiedTime":"2023-07-27T05:14:38.5074767Z"},"$schema":"https://schema.management.azure.com/providers/Microsoft.Logic/schemas/2016-06-01/workflowdefinition.json#","contentVersion":"1.0.0.0","parameters":{"$authentication":{"defaultValue":{},"type":"SecureObject"}},"triggers":{"manual":{"metadata":{"operationMetadataId":"accdbe03-4c25-44b4-9420-3f044225e219"},"type":"Request","kind":"PowerAppV2","inputs":{"schema":{"type":"object","properties":{"text":{"title":"Device","type":"string","x-ms-dynamically-added":true,"description":"Please enter your input","x-ms-content-hint":"TEXT"},"text_1":{"title":"Model","type":"string","x-ms-dynamically-added":true,"description":"Please enter your input","x-ms-content-hint":"TEXT"}},"required":["text","text_1"]}}}},"actions":{"HTTP_2":{"runAfter":{},"metadata":{"operationMetadataId":"332fbf4c-4805-4266-9ee5-36dfd8b55c80"},"type":"Http","inputs":{"method":"GET","uri":"https://developer-api.govee.com/v1/devices/state?","headers":{"Govee-API-Key":"0dac758f-8226-412c-8973-f6fb43b6591e","Content-Type":"application/json"},"queries":{"device":"@triggerBody()['text']","model":"@triggerBody()['text_1']"}}},"Parse_JSON":{"runAfter":{"HTTP_2":["Succeeded"]},"metadata":{"operationMetadataId":"04e0bade-0953-4358-8e5a-e9bdef547a80"},"type":"ParseJson","inputs":{"content":"@body('HTTP_2')","schema":{"type":"object","properties":{"data":{"type":"object","properties":{"device":{"type":"string"},"model":{"type":"string"},"properties":{"type":"array","items":{"type":"object","properties":{"online":{"type":"boolean"},"powerState":{"type":"string"},"brightness":{"type":"integer"},"color":{"type":"object","properties":{"r":{"type":"integer"},"b":{"type":"integer"},"g":{"type":"integer"}}}},"required":[]}}}},"message":{"type":"string"},"code":{"type":"integer"}}}}},"Compose_2":{"runAfter":{"Parse_JSON":["Succeeded"]},"metadata":{"operationMetadataId":"0a6a7f7a-929c-4670-abbd-dae6b4e202ed"},"type":"Compose","inputs":"@body('Parse_JSON')?['data']?['properties']"},"Compose_3":{"runAfter":{"Compose_2":["Succeeded"]},"metadata":{"operationMetadataId":"13692789-3728-4805-8433-b45ccbd76bb9"},"type":"Compose","inputs":"@outputs('Compose_2')[1]['powerState']"},"HTTP":{"runAfter":{"Condition":["Succeeded"]},"metadata":{"operationMetadataId":"629aa153-73ab-4b05-8fcc-f156c24e50c8"},"type":"Http","inputs":{"method":"PUT","uri":"https://developer-api.govee.com/v1/devices/control","headers":{"Govee-API-Key":"0dac758f-8226-412c-8973-f6fb43b6591e"},"body":{"device":"@{triggerBody()['text']}","model":"@{triggerBody()['text_1']}","cmd":{"name":"turn","value":"@{variables('currentState')}"}}}},"Condition":{"actions":{"Set_variable":{"runAfter":{},"metadata":{"operationMetadataId":"eec5292e-e8d2-45f1-a394-d74031f813fb"},"type":"SetVariable","inputs":{"name":"currentState","value":"off"}}},"runAfter":{"Initialize_variable":["Succeeded"]},"else":{"actions":{"Set_variable_2":{"runAfter":{},"metadata":{"operationMetadataId":"7939ccec-7e1e-4dc5-b89f-9f4f4d01940c"},"type":"SetVariable","inputs":{"name":"currentState","value":"on"}}}},"expression":{"equals":["@outputs('Compose_3')","on"]},"metadata":{"operationMetadataId":"a5c55c95-a884-4c39-aef2-00aedeb831b3"},"type":"If"},"Initialize_variable":{"runAfter":{"Compose_3":["Succeeded"]},"metadata":{"operationMetadataId":"823afb14-2234-425b-bced-189ce8dfa187"},"type":"InitializeVariable","inputs":{"variables":[{"name":"currentState","type":"string","value":"@{outputs('Compose_3')}"}]}},"Respond_to_a_PowerApp_or_flow":{"runAfter":{"HTTP":["Succeeded"]},"metadata":{"operationMetadataId":"549048da-efec-4d7c-9a02-17766e2f8ff7"},"type":"Response","kind":"PowerApp","inputs":{"statusCode":200,"body":{"state":"@variables('currentState')"},"schema":{"type":"object","properties":{"state":{"title":"state","x-ms-dynamically-added":true,"type":"string"}}}}}}},"connectionReferences":{},"flowFailureAlertSubscribed":false,"isManaged":false}}